0,983,1160629000,121,308,1487441883,231,230,True,
1,984,1160629000,121,308,1487442194,231,230,True,
2,985,1160629000,121,308,1487442922,231,230,True,
3,986,1160629000,121,308,1487442929,231,230,True,
4,987,1160629000,121,308,1487442933,231,230,True,
5,988,1160629000,121,308,1487442942,231,230,True,
6,989,1160629000,121,308,1487443401,231,230,True,
7,990,1160629000,121,308,1487443421,231,230,True,
8,991,1160629000,121,308,1487443422,231,230,True,
9,992,1160629000,121,308,1487443525,231,230,True,
10,993,1160629000,121,308,1487443537,231,230,True,
11,994,1160629000,121,308,1487443542,231,230,True,
12,995,1160629000,121,308,1487443546,231,230,True,
13,996,1160629000,121,308,1487444009,231,230,True,
14,997,1160629000,121,308,1487444013,231,230,True,
15,998,1160629000,121,308,1487444031,231,230,True,
16,999,1160629000,121,308,1487444033,231,230,True,
17,1000,1160629000,121,308,1487444039,231,230,True,
18,1001,1160629000,121,308,1487444040,231,230,True,
19,1002,1160629000,121,308,1487444042,231,230,True,
20,1003,1160629000,121,308,1487444063,231,230,True,
21,1004,1160629000,121,308,1487444065,231,230,True,
22,1005,1160629000,121,308,1487444093,231,230,True,
23,1006,1160629000,121,308,1487444104,231,230,True,
24,1007,1160629000,121,308,1487444105,231,230,True,
25,1008,1160629000,121,308,1487444129,231,230,True,
26,1009,1160629000,121,308,1487444368,231,230,True,
27,1010,1160629000,121,308,1487444751,231,230,True,
28,1011,1160629000,121,308,1487444913,231,230,True,
29,1012,1160629000,121,308,1487444915,231,230,True,
30,1013,1160629000,121,308,1487444986,231,230,True,
31,1014,1160629000,121,308,1487445008,231,230,True,
32,1015,1160629000,121,308,1487445066,231,230,True,
33,1016,1160629000,121,308,1487445218,231,230,True,
34,1017,1160629000,121,308,1487445537,231,230,True,
35,1018,1160629000,121,308,1487445546,231,230,True,
36,1019,1160629000,121,308,1487445566,231,230,True,
37,1020,1160629000,121,308,1487445575,231,230,True,
38,1021,1160629000,121,308,1487445649,231,230,True,
39,1022,1160629000,121,308,1487445851,231,230,True,
40,1023,1160629000,121,308,1487445976,231,230,True,
41,1024,1160629000,121,308,1487446125,231,230,True,
42,1025,1160629000,121,308,1487446138,231,230,True,
43,1026,1160629000,121,308,1487446155,231,230,True,
44,1027,1160629000,121,308,1487446157,231,230,True,
45,1028,1160629000,121,308,1487446219,231,230,True,
46,1029,1160629000,121,308,1487446223,231,230,True,
47,1030,1160629000,121,308,1487446384,231,230,True,
48,1031,1160629000,121,308,1487446424,231,230,True,
49,1032,1160629000,121,308,1487446504,231,230,True,
50,1033,1160629000,121,308,1487446725,231,230,True,
51,1034,1160629000,121,308,1487447338,231,230,True,
52,1035,1160629000,121,308,1487447349,231,230,True,
53,1036,1160629000,121,308,1487448914,231,230,True,
54,1037,1160629000,121,308,1487448934,231,230,True,
55,1038,1160629000,121,308,1487448954,231,230,True,
56,1039,1160629000,121,308,1487448959,231,230,True,
57,1040,1160629000,121,308,1487448964,231,230,True,
58,1041,1160629000,121,308,1487448971,231,230,True,
59,1042,1160629000,121,308,1487448976,231,230,True,
60,1043,1160629000,121,308,1487448981,231,230,True,
61,1044,1160629000,121,308,1487448982,231,230,True,
62,1045,1160629000,121,308,1487448996,231,230,True,
63,1046,1160629000,121,308,1487449433,231,230,True,
64,1047,1160629000,121,308,1487449525,231,230,True,
65,1048,1160629000,121,308,1487449542,231,230,True,
66,1049,1160629000,121,308,1487449683,231,230,True,
67,1050,1160629000,121,308,1487449706,231,230,True,
68,1051,1160629000,121,308,1487449710,231,230,True,
69,1052,1160629000,121,308,1487449715,231,230,True,
70,1053,1160629000,121,308,1487449736,231,230,True,
71,1054,1160629000,121,308,1487449822,231,230,True,
72,1055,1160629000,121,308,1487449880,231,230,True,
73,1056,1160629000,121,308,1487450035,231,230,True,
74,1057,1160629000,121,308,1487450928,231,230,True,
75,1058,1160629000,121,308,1487451224,231,230,True,
76,1059,1160629000,121,308,1487451961,231,230,True,
77,1060,1160629000,121,308,1487452107,231,230,True,
78,1061,1160629000,121,308,1487452143,231,230,True,
79,1062,1160629000,121,308,1487452146,231,230,True,
80,1063,1160629000,121,308,1487452431,231,230,True,
81,1064,1160629000,121,308,1487452439,231,230,True,
82,1065,1160629000,121,308,1487452442,231,230,True,
83,1066,1160629000,121,308,1487452471,231,230,True,
84,1067,1160629000,121,308,1487452481,231,230,True,
85,1068,1160629000,121,308,1487452485,231,230,True,
86,1069,1160629000,121,308,1487452489,231,230,True,
87,1070,1160629000,121,308,1487452493,231,230,True,
88,1071,1160629000,121,308,1487452846,231,230,True,
89,1072,1160629000,121,308,1487453007,231,230,True,
90,1073,1160629000,121,308,1487453010,231,230,True,
91,1074,1160629000,121,308,1487453069,231,230,True,
92,1075,1160629000,121,308,1487453071,231,230,True,
93,1076,1160629000,121,308,1487453076,231,230,True,
94,1077,1160629000,121,308,1487453092,231,230,True,
95,1078,1160629000,121,308,1487453277,231,230,True,
96,1079,1160629000,121,308,1487454470,231,230,True,
97,1080,1160629000,121,308,1487454481,231,230,True,
98,1081,1160629000,121,308,1487454524,231,230,True,
99,1082,1160629000,121,308,1487454526,231,230,True,
100,1083,1160629000,121,308,1487454531,231,230,True,
101,1084,1160629000,121,308,1487454600,231,230,True,
102,1085,1160629000,121,308,1487454896,231,230,True,
103,1086,1160629000,121,308,1487454914,231,230,True,
104,1087,1160629000,121,308,1487455036,231,230,True,
105,1088,1160629000,121,308,1487455044,231,230,True,
106,1089,1160629000,121,308,1487455066,231,230,True,
107,1090,1160629000,121,308,1487455078,231,230,True,
108,1091,1160629000,121,308,1487455120,231,230,True,
109,1092,1160629000,121,308,1487455363,231,230,True,
110,1093,1160629000,121,308,1487455364,231,230,True,
111,1094,1160629000,121,308,1487455416,231,230,True,
112,1095,1160629000,121,308,1487457167,231,230,True,
113,1096,1160629000,121,308,1487457216,231,230,True,
114,1097,1160629000,121,308,1487457245,231,230,True,
115,1098,1160629000,121,308,1487457957,231,230,True,
116,1099,1160629000,121,308,1487457996,231,230,True,
117,1100,1160629000,121,308,1487458047,231,230,True,
118,1101,1160629000,121,308,1487458049,231,230,True,
119,1102,1160629000,121,308,1487458071,231,230,True,
120,1103,1160629000,121,308,1487458082,231,230,True,
121,1104,1160629000,121,308,1487458237,231,230,True,
122,1105,1160629000,121,308,1487458270,231,230,True,
123,1106,1160629000,121,308,1487458282,231,230,True,
124,1107,1160629000,121,308,1487458298,231,230,True,
125,1108,1160629000,121,308,1487458381,231,230,True,
126,1109,1160629000,121,308,1487458505,231,230,True,
127,1110,1160629000,121,308,1487458789,231,230,True,
128,1111,1160629000,121,308,1487459070,231,230,True,
129,1112,1160629000,121,308,1487459119,231,230,True,
130,1113,1160629000,121,308,1487459183,231,230,True,
131,1114,1160629000,121,308,1487460481,231,230,True,
132,1115,1160629000,121,308,1487460491,231,230,True,
133,1116,1160629000,121,308,1487460526,231,230,True,
134,1117,1160629000,121,308,1487461603,231,230,True,
135,1118,1160629000,121,308,1487461614,231,230,True,
136,1119,1160629000,121,308,1487461722,231,230,True,
137,1120,1160629000,121,308,1487461774,231,230,True,
138,1121,1160629000,121,308,1487461878,231,230,True,
139,1122,1160629000,121,308,1487461902,231,230,True,
140,1123,1160629000,121,308,1487461907,231,230,True,
141,1124,1160629000,121,308,1487461931,231,230,True,
142,1125,1160629000,121,308,1487461956,231,230,True,
143,1126,1160629000,121,308,1487461958,231,230,True,
144,1127,1160629000,121,308,1487461963,231,230,True,
145,1128,1160629000,121,308,1487461970,231,230,True,
146,1129,1160629000,121,308,1487462188,231,230,True,
147,1130,1160629000,121,308,1487462205,231,230,True,
148,1131,1160629000,121,308,1487462214,231,230,True,
149,1132,1160629000,121,308,1487462222,231,230,True,
150,1133,1160629000,121,308,1487462440,231,230,True,
151,1134,1160629000,121,308,1487462459,231,230,True,
152,1135,1160629000,121,308,1487462772,231,230,True,
153,1136,1160629000,121,308,1487462792,231,230,True,
154,1137,1160629000,121,308,1487462803,231,230,True,
155,1138,1160629000,121,308,1487462809,231,230,True,
156,1139,1160629000,121,308,1487462814,231,230,True,
157,1140,1160629000,121,308,1487462823,231,230,True,
158,1141,1160629000,121,308,1487462827,231,230,True,
159,1142,1160629000,121,308,1487463119,231,230,True,
160,1143,1160629000,121,308,1487463124,231,230,True,
161,1144,1160629000,121,308,1487463146,231,230,True,
162,1145,1160629000,121,308,1487463154,231,230,True,
163,1146,1160629000,121,308,1487463624,231,230,True,
164,1147,1160629000,121,308,1487464454,231,230,True,
165,1148,1160629000,121,308,1487464507,231,230,True,
166,1149,1160629000,121,308,1487464509,231,230,True,
167,1150,1160629000,121,308,1487464660,231,230,True,
168,1151,1160629000,121,308,1487464674,231,230,True,
169,1152,1160629000,121,308,1487464684,231,230,True,
170,1153,1160629000,121,308,1487465779,231,230,True,
171,1154,1160629000,121,308,1487465807,231,230,True,
172,1155,1160629000,121,308,1487466194,231,230,True,
173,1156,1160629000,121,308,1487466299,231,230,True,
174,1157,1160629000,121,308,1487466319,231,230,True,
175,1158,1160629000,121,308,1487466604,231,230,True,
176,1159,1160629000,121,308,1487466616,231,230,True,
177,1160,1160629000,121,308,1487466810,231,230,True,
178,1161,1160629000,121,308,1487466833,231,230,True,
179,1162,1160629000,121,308,1487466851,231,230,True,
180,1163,1160629000,121,308,1487466878,231,230,True,
181,1164,1160629000,121,308,1487467161,231,230,True,
182,1165,1160629000,121,308,1487467236,231,230,True,
183,1166,1160629000,121,308,1487467261,231,230,True,
184,1167,1160629000,121,308,1487467437,231,230,True,
185,1168,1160629000,121,308,1487467467,231,230,True,
186,1169,1160629000,121,308,1487467495,231,230,True,
187,1170,1160629000,121,308,1487467575,231,230,True,
188,1171,1160629000,121,308,1487467610,231,230,True,
189,1172,1160629000,121,308,1487467781,231,230,True,
190,1173,1160629000,121,308,1487468002,231,230,True,
191,1174,1160629000,121,308,1487468004,231,230,True,
192,1175,1160629000,121,308,1487468007,231,230,True,
193,1176,1160629000,121,308,1487468013,231,230,True,
194,1177,1160629000,121,308,1487468020,231,230,True,
195,1178,1160629000,121,308,1487468283,231,230,True,
196,1179,1160629000,121,308,1487468330,231,230,True,
197,1180,1160629000,121,308,1487468510,231,230,True,
198,1181,1160629000,121,308,1487468520,231,230,True,
199,1182,1160629000,121,308,1487468652,231,230,True,
200,1183,1160629000,121,308,1487468706,231,230,True,
201,1184,1160629000,121,308,1487468724,231,230,True,
202,1185,1160629000,121,308,1487468866,231,230,True,
203,1186,1160629000,121,308,1487468913,231,230,True,
204,1187,1160629000,121,308,1487468989,231,230,True,
205,1188,1160629000,121,308,1487469122,231,230,True,
206,1189,1160629000,121,308,1487469152,231,230,True,
207,1190,1160629000,121,308,1487469156,231,230,True,
208,1191,1160629000,121,308,1487469159,231,230,True,
209,1192,1160629000,121,308,1487469406,231,230,True,
210,1193,1160629000,121,308,1487469432,231,230,True,
211,1194,1160629000,121,308,1487469682,231,230,True,
212,1195,1160629000,121,308,1487469964,231,230,True,
213,1196,1160629000,121,308,1487470245,231,230,True,
214,1197,1160629000,121,308,1487471097,231,230,True,
215,1198,1160629000,121,308,1487471382,231,230,True,
216,1199,1160629000,121,308,1487471664,231,230,True,
217,1200,1160629000,121,308,1487471998,231,230,True,
218,1201,1160629000,121,308,1487472074,231,230,True,
219,1202,1160629000,121,308,1487472083,231,230,True,
220,1203,1160629000,121,308,1487472238,231,230,True,
221,1204,1160629000,121,308,1487472335,231,230,True,
222,1205,1160629000,121,308,1487472533,231,230,True,
223,1206,1160629000,121,308,1487472664,231,230,True,
224,1207,1160629000,121,308,1487472674,231,230,True,
225,1208,1160629000,121,308,1487472686,231,230,True,
226,1209,1160629000,121,308,1487472818,231,230,True,
227,1210,1160629000,121,308,1487473110,231,230,True,
228,1211,1160629000,121,308,1487473178,231,230,True,
229,1212,1160629000,121,308,1487473180,231,230,True,
230,1213,1160629000,121,308,1487473213,231,230,True,
231,1214,1160629000,121,308,1487473229,231,230,True,
232,1215,1160629000,121,308,1487473240,231,230,True,
233,1216,1160629000,121,308,1487473847,231,230,True,
234,1217,1160629000,121,308,1487473857,231,230,True,
235,1218,1160629000,121,308,1487473981,231,230,True,
236,1219,1160629000,121,308,1487474567,231,230,True,
237,1220,1160629000,121,308,1487474578,231,230,True,
238,1221,1160629000,121,308,1487474598,231,230,True,
239,1222,1160629000,121,308,1487474623,231,230,True,
240,1223,1160629000,121,308,1487474629,231,230,True,
241,1224,1160629000,121,308,1487474684,231,230,True,
242,1225,1160629000,121,308,1487474876,231,230,True,
243,1226,1160629000,121,308,1487474884,231,230,True,
244,1227,1160629000,121,308,1487475094,231,230,True,
245,1228,1160629000,121,308,1487475121,231,230,True,
246,1229,1160629000,121,308,1487475136,231,230,True,
247,1230,1160629000,121,308,1487475154,231,230,True,
248,1231,1160629000,121,308,1487475448,231,230,True,
249,1232,1160629000,121,308,1487475490,231,230,True,
250,1233,1160629000,121,308,1487475514,231,230,True,
251,1234,1160629000,121,308,1487475537,231,230,True,
252,1235,1160629000,121,308,1487475612,231,230,True,
253,1236,1160629000,121,308,1487475620,231,230,True,
254,1237,1160629000,121,308,1487475702,231,230,True,
255,1238,1160629000,121,308,1487476051,231,230,True,
256,1239,1160629000,121,308,1487476433,231,230,True,
257,1240,1160629000,121,308,1487476448,231,230,True,
258,1241,1160629000,121,308,1487476450,231,230,True,
259,1242,1160629000,121,308,1487476490,231,230,True,
260,1243,1160629000,121,308,1487476758,231,230,True,
261,1244,1160629000,121,308,1487476769,231,230,True,
262,1245,1160629000,121,308,1487476971,231,230,True,
263,1246,1160629000,121,308,1487476975,231,230,True,
264,1247,1160629000,121,308,1487476977,231,230,True,
265,1248,1160629000,121,308,1487477167,231,230,True,
266,1249,1160629000,121,308,1487477316,231,230,True,
267,1250,1160629000,121,308,1487477583,231,230,True,
268,1251,1160629000,121,308,1487477735,231,230,True,
269,1252,1160629000,121,308,1487477887,231,230,True,
270,1253,1160629000,121,308,1487478217,231,230,True,
271,1254,1160629000,121,308,1487478456,231,230,True,
272,1255,1160629000,121,308,1487478545,231,230,True,
273,1256,1160629000,121,308,1487479146,231,230,True,
274,1257,1160629000,121,308,1487479192,231,230,True,
275,1258,1160629000,121,308,1487479199,231,230,True,
276,1259,1160629000,121,308,1487479208,231,230,True,
277,1260,1160629000,121,308,1487479238,231,230,True,
278,1261,1160629000,121,308,1487479336,231,230,True,
279,1262,1160629000,121,308,1487479346,231,230,True,
280,1263,1160629000,121,308,1487479350,231,230,True,
281,1264,1160629000,121,308,1487479368,231,230,True,
282,1265,1160629000,121,308,1487479385,231,230,True,
283,1266,1160629000,121,308,1487479413,231,230,True,
284,1267,1160629000,121,308,1487479449,231,230,True,
285,1268,1160629000,121,308,1487479455,231,230,True,
286,1269,1160629000,121,308,1487479759,231,230,True,
287,1270,1160629000,121,308,1487479908,231,230,True,
288,1271,1160629000,121,308,1487480035,231,230,True,
289,1272,1160629000,121,308,1487480047,231,230,True,
290,1273,1160629000,121,308,1487480049,231,230,True,
291,1274,1160629000,121,308,1487480110,231,230,True,
292,1275,1160629000,121,308,1487480141,231,230,True,
293,1276,1160629000,121,308,1487480259,231,230,True,
294,1277,1160629000,121,308,1487480276,231,230,True,
295,1278,1160629000,121,308,1487480279,231,230,True,
296,1279,1160629000,121,308,1487480444,231,230,True,
297,1280,1160629000,121,308,1487480589,231,230,True,
298,1281,1160629000,121,308,1487480762,231,230,True,
299,1282,1160629000,121,308,1487480966,231,230,True,
300,1283,1160629000,121,308,1487481004,231,230,True,
301,1284,1160629000,121,308,1487481016,231,230,True,
302,1285,1160629000,121,308,1487481035,231,230,True,
303,1286,1160629000,121,308,1487481090,231,230,True,
304,1287,1160629000,121,308,1487481164,231,230,True,
305,1288,1160629000,121,308,1487481196,231,230,True,
306,1289,1160629000,121,308,1487481202,231,230,True,
307,1290,1160629000,121,308,1487481256,231,230,True,
308,1291,1160629000,121,308,1487481420,231,230,True,
309,1292,1160629000,121,308,1487481481,231,230,True,
310,1293,1160629000,121,308,1487481639,231,230,True,
311,1294,1160629000,121,308,1487481761,231,230,True,
312,1295,1160629000,121,308,1487481799,231,230,True,
313,1296,1160629000,121,308,1487481842,231,230,True,
314,1297,1160629000,121,308,1487482093,231,230,True,
315,1298,1160629000,121,308,1487482444,231,230,True,
316,1299,1160629000,121,308,1487482788,231,230,True,
317,1300,1160629000,121,308,1487483012,231,230,True,
318,1301,1160629000,121,308,1487483031,231,230,True,
319,1302,1160629000,121,308,1487483044,231,230,True,
320,1303,1160629000,121,308,1487483082,231,230,True,
321,1304,1160629000,121,308,1487483131,231,230,True,
322,1305,1160629000,121,308,1487483226,231,230,True,
323,1306,1160629000,121,308,1487483230,231,230,True,
324,1307,1160629000,121,308,1487483268,231,230,True,
325,1308,1160629000,121,308,1487483489,231,230,True,
326,1309,1160629000,121,308,1487483526,231,230,True,
327,1310,1160629000,121,308,1487483826,231,230,True,
328,1311,1160629000,121,308,1487483986,231,230,True,
329,1312,1160629000,121,308,1487484012,231,230,True,
330,1313,1160629000,121,308,1487484030,231,230,True,
331,1314,1160629000,121,308,1487484215,231,230,True,
332,1315,1160629000,121,308,1487484418,231,230,True,
333,1316,1160629000,121,308,1487484456,231,230,True,
334,1317,1160629000,121,308,1487484457,231,230,True,
335,1318,1160629000,121,308,1487484466,231,230,True,
336,1319,1160629000,121,308,1487484468,231,230,True,
337,1320,1160629000,121,308,1487484482,231,230,True,
338,1321,1160629000,121,308,1487484799,231,230,True,
339,1322,1160629000,121,308,1487485326,231,230,True,
340,1323,1160629000,121,308,1487485514,231,230,True,
341,1324,1160629000,121,308,1487485547,231,230,True,
342,1325,1160629000,121,308,1487485689,231,230,True,
343,1326,1160629000,121,308,1487485708,231,230,True,
344,1327,1160629000,121,308,1487485823,231,230,True,
345,1328,1160629000,121,308,1487485837,231,230,True,
346,1329,1160629000,121,308,1487485838,231,230,True,
347,1330,1160629000,121,308,1487485847,231,230,True,
348,1331,1160629000,121,308,1487485855,231,230,True,
349,1332,1160629000,121,308,1487485857,231,230,True,
350,1333,1160629000,121,308,1487486179,231,230,True,
351,1334,1160629000,121,308,1487486187,231,230,True,
352,1335,1160629000,121,308,1487486254,231,230,True,
353,1336,1160629000,121,308,1487486503,231,230,True,
354,1337,1160629000,121,308,1487486893,231,230,True,
355,1338,1160629000,121,308,1487487043,231,230,True,
356,1339,1160629000,121,308,1487487051,231,230,True,
357,1340,1160629000,121,308,1487487133,231,230,True,
358,1341,1160629000,121,308,1487487138,231,230,True,
359,1342,1160629000,121,308,1487487197,231,230,True,
360,1343,1160629000,121,308,1487487200,231,230,True,
361,1344,1160629000,121,308,1487487203,231,230,True,
362,1345,1160629000,121,308,1487487229,231,230,True,
363,1346,1160629000,121,308,1487487245,231,230,True,
364,1347,1160629000,121,308,1487487293,231,230,True,
365,1348,1160629000,121,308,1487487677,231,230,True,
366,1349,1160629000,121,308,1487487896,231,230,True,
367,1350,1160629000,121,308,1487488493,231,230,True,
368,1351,1160629000,121,308,1487488504,231,230,True,
369,1352,1160629000,121,308,1487488545,231,230,True,
370,1353,1160629000,121,308,1487488924,231,230,True,
371,1354,1160629000,121,308,1487489354,231,230,True,
372,1355,1160629000,121,308,1487489598,231,230,True,
373,1356,1160629000,121,308,1487489618,231,230,True,
374,1357,1160629000,121,308,1487489628,231,230,True,
375,1358,1160629000,121,308,1487489770,231,230,True,
376,1359,1160629000,121,308,1487490178,231,230,True,
377,1360,1160629000,121,308,1487490778,231,230,True,
378,1361,1160629000,121,308,1487491094,231,230,True,
379,1362,1160629000,121,308,1487491103,231,230,True,
380,1363,1160629000,121,308,1487491106,231,230,True,
381,1364,1160629000,121,308,1487491122,231,230,True,
382,1365,1160629000,121,308,1487491284,231,230,True,
383,1366,1160629000,121,308,1487491391,231,230,True,
384,1367,1160629000,121,308,1487491401,231,230,True,
385,1368,1160629000,121,308,1487491411,231,230,True,
386,1369,1160629000,121,308,1487491509,231,230,True,
387,1370,1160629000,121,308,1487491735,231,230,True,
388,1371,1160629000,121,308,1487492355,231,230,True,
389,1372,1160629000,121,308,1487492435,231,230,True,
390,1373,1160629000,121,308,1487492783,231,230,True,
391,1374,1160629000,121,308,1487493204,231,230,True,
392,1375,1160629000,121,308,1487493636,231,230,True,
393,1376,1160629000,121,308,1487494053,231,230,True,
394,1377,1160629000,121,308,1487494340,231,230,True,
395,1378,1160629000,121,308,1487494361,231,230,True,
396,1379,1160629000,121,308,1487494465,231,230,True,
397,1380,1160629000,121,308,1487494471,231,230,True,
398,1381,1160629000,121,308,1487494474,231,230,True,
399,1382,1160629000,121,308,1487494897,231,230,True,
400,1383,1160629000,121,308,1487495692,231,230,True,
401,1384,1160629000,121,308,1487496348,231,230,True,
402,1385,1160629000,121,308,1487496396,231,230,True,
403,1386,1160629000,121,308,1487496731,231,230,True,
404,1387,1160629000,121,308,1487497221,231,230,True,
405,1388,1160629000,121,308,1487497253,231,230,True,
406,1389,1160629000,121,308,1487497521,231,230,True,
407,1390,1160629000,121,308,1487497539,231,230,True,
408,1391,1160629000,121,308,1487497563,231,230,True,
409,1392,1160629000,121,308,1487497564,231,230,True,
410,1393,1160629000,121,308,1487497587,231,230,True,
411,1394,1160629000,121,308,1487497589,231,230,True,
412,1395,1160629000,121,308,1487497719,231,230,True,
413,1396,1160629000,121,308,1487497752,231,230,True,
414,1397,1160629000,121,308,1487497765,231,230,True,
415,1398,1160629000,121,308,1487497784,231,230,True,
416,1399,1160629000,121,308,1487497986,231,230,True,
417,1400,1160629000,121,308,1487498162,231,230,True,
418,1401,1160629000,121,308,1487498499,231,230,True,
419,1402,1160629000,121,308,1487499209,231,230,True,
420,1403,1160629000,121,308,1487499222,231,230,True,
421,1404,1160629000,121,308,1487499230,231,230,True,
422,1405,1160629000,121,308,1487499232,231,230,True,
423,1406,1160629000,121,308,1487499355,231,230,True,
424,1407,1160629000,121,308,1487499356,231,230,True,
425,1408,1160629000,121,308,1487499361,231,230,True,
426,1409,1160629000,121,308,1487499363,231,230,True,
427,1410,1160629000,121,308,1487499478,231,230,True,
428,1411,1160629000,121,308,1487499517,231,230,True,
429,1412,1160629000,121,308,1487499911,231,230,True,
430,1413,1160629000,121,308,1487499912,231,230,True,
431,1414,1160629000,121,308,1487499942,231,230,True,
432,1415,1160629000,121,308,1487500279,231,230,True,
433,1416,1160629000,121,308,1487500303,231,230,True,
434,1417,1160629000,121,308,1487502535,231,230,True,
435,1418,1160629000,121,308,1487502879,231,230,True,
436,1419,1160629000,121,308,1487503877,231,230,True,
437,1420,1160629000,121,308,1487504177,231,230,True,
438,1421,1160629000,121,308,1487504217,231,230,True,
439,1422,1160629000,121,308,1487504220,231,230,True,
440,1423,1160629000,121,308,1487504224,231,230,True,
441,1424,1160629000,121,308,1487504226,231,230,True,
442,1425,1160629000,121,308,1487504340,231,230,True,
443,1426,1160629000,121,308,1487504412,231,230,True,
444,1427,1160629000,121,308,1487504435,231,230,True,
445,1428,1160629000,121,308,1487504437,231,230,True,
446,1429,1160629000,121,308,1487504443,231,230,True,
447,1430,1160629000,121,308,1487504446,231,230,True,
448,1431,1160629000,121,308,1487504455,231,230,True,
449,1432,1160629000,121,308,1487504465,231,230,True,
450,1433,1160629000,121,308,1487504466,231,230,True,
451,1434,1160629000,121,308,1487504492,231,230,True,
452,1435,1160629000,121,308,1487504858,231,230,True,
453,1436,1160629000,121,308,1487504864,231,230,True,
454,1437,1160629000,121,308,1487505138,231,230,True,
455,1438,1160629000,121,308,1487505466,231,230,True,
456,1439,1160629000,121,308,1487505923,231,230,True,
457,1440,1160629000,121,308,1487505951,231,230,True,
458,1441,1160629000,121,308,1487507094,231,230,True,
459,1442,1160629000,121,308,1487507123,231,230,True,
460,1443,1160629000,121,308,1487507142,231,230,True,
461,1444,1160629000,121,308,1487507146,231,230,True,
462,1445,1160629000,121,308,1487507149,231,230,True,
463,1446,1160629000,121,308,1487507510,231,230,True,
464,1447,1160629000,121,308,1487507705,231,230,True,
465,1448,1160629000,121,308,1487507784,231,230,True,
466,1449,1160629000,121,308,1487507789,231,230,True,
467,1450,1160629000,121,308,1487508019,231,230,True,
468,1451,1160629000,121,308,1487508150,231,230,True,
469,1452,1160629000,121,308,1487508155,231,230,True,
470,1453,1160629000,121,308,1487508177,231,230,True,
471,1454,1160629000,121,308,1487508179,231,230,True,
472,1455,1160629000,121,308,1487508185,231,230,True,
473,1456,1160629000,121,308,1487508187,231,230,True,
474,1457,1160629000,121,308,1487508192,231,230,True,
475,1458,1160629000,121,308,1487508342,231,230,True,
476,1459,1160629000,121,308,1487509228,231,230,True,
477,1460,1160629000,121,308,1487509264,231,230,True,
478,1461,1160629000,121,308,1487509578,231,230,True,
479,1462,1160629000,121,308,1487509890,231,230,True,
480,1463,1160629000,121,308,1487510315,231,230,True,
481,1464,1160629000,121,308,1487510324,231,230,True,
482,1465,1160629000,121,308,1487510508,231,230,True,
483,1466,1160629000,121,308,1487510816,231,230,True,
484,1467,1160629000,121,308,1487510891,231,230,True,
485,1468,1160629000,121,308,1487510913,231,230,True,
486,1469,1160629000,121,308,1487510935,231,230,True,
487,1470,1160629000,121,308,1487510939,231,230,True,
488,1471,1160629000,121,308,1487510943,231,230,True,
489,1472,1160629000,121,308,1487511120,231,230,True,
490,1473,1160629000,121,308,1487511487,231,230,True,
491,1474,1160629000,121,308,1487511739,231,230,True,
492,1475,1160629000,121,308,1487511753,231,230,True,
493,1476,1160629000,121,308,1487511795,231,230,True,
494,1477,1160629000,121,308,1487511974,231,230,True,
495,1478,1160629000,121,308,1487512001,231,230,True,
496,1479,1160629000,121,308,1487512004,231,230,True,
497,1480,1160629000,121,308,1487512041,231,230,True,
498,1481,1160629000,121,308,1487512351,231,230,True,
499,1482,1160629000,121,308,1487512446,231,230,True,
500,1483,1160629000,121,308,1487512456,231,230,True,
501,1484,1160629000,121,308,1487512658,231,230,True,
502,1485,1160629000,121,308,1487512963,231,230,True,
503,1486,1160629000,121,308,1487513055,231,230,True,
504,1487,1160629000,121,308,1487513067,231,230,True,
505,1488,1160629000,121,308,1487513285,231,230,True,
506,1489,1160629000,121,308,1487513298,231,230,True,
507,1490,1160629000,121,308,1487513884,231,230,True,
508,1491,1160629000,121,308,1487513969,231,230,True,
509,1492,1160629000,121,308,1487513996,231,230,True,
510,1493,1160629000,121,308,1487514028,231,230,True,
511,1494,1160629000,121,308,1487514147,231,230,True,
512,1495,1160629000,121,308,1487514167,231,230,True,
513,1496,1160629000,121,308,1487514449,231,230,True,
514,1497,1160629000,121,308,1487514490,231,230,True,
515,1498,1160629000,121,308,1487514507,231,230,True,
516,1499,1160629000,121,308,1487514586,231,230,True,
517,1500,1160629000,121,308,1487514631,231,230,True,
518,1501,1160629000,121,308,1487514792,231,230,True,
519,1502,1160629000,121,308,1487514853,231,230,True,
520,1503,1160629000,121,308,1487514855,231,230,True,
521,1504,1160629000,121,308,1487514905,231,230,True,
522,1505,1160629000,121,308,1487515128,231,230,True,
523,1506,1160629000,121,308,1487515147,231,230,True,
524,1507,1160629000,121,308,1487515150,231,230,True,
525,1508,1160629000,121,308,1487515152,231,230,True,
526,1509,1160629000,121,308,1487515240,231,230,True,
527,1510,1160629000,121,308,1487515264,231,230,True,
528,1511,1160629000,121,308,1487515309,231,230,True,
529,1512,1160629000,121,308,1487515333,231,230,True,
530,1513,1160629000,121,308,1487515370,231,230,True,
531,1514,1160629000,121,308,1487515382,231,230,True,
532,1515,1160629000,121,308,1487515699,231,230,True,
533,1516,1160629000,121,308,1487516008,231,230,True,
534,1517,1160629000,121,308,1487516308,231,230,True,
535,1518,1160629000,121,308,1487516334,231,230,True,
536,1519,1160629000,121,308,1487516362,231,230,True,
537,1520,1160629000,121,308,1487516527,231,230,True,
538,1521,1160629000,121,308,1487516831,231,230,True,
539,1522,1160629000,121,308,1487516866,231,230,True,
540,1523,1160629000,121,308,1487516868,231,230,True,
541,1524,1160629000,121,308,1487517129,231,230,True,
542,1525,1160629000,121,308,1487517201,231,230,True,
543,1526,1160629000,121,308,1487517503,231,230,True,
544,1527,1160629000,121,308,1487518101,231,230,True,
545,1528,1160629000,121,308,1487518104,231,230,True,
546,1529,1160629000,121,308,1487518108,231,230,True,
547,1530,1160629000,121,308,1487518118,231,230,True,
548,1531,1160629000,121,308,1487518256,231,230,True,
549,1532,1160629000,121,308,1487518302,231,230,True,
550,1533,1160629000,121,308,1487518318,231,230,True,
551,1534,1160629000,121,308,1487518339,231,230,True,
552,1535,1160629000,121,308,1487518344,231,230,True,
553,1536,1160629000,121,308,1487518351,231,230,True,
554,1537,1160629000,121,308,1487518374,231,230,True,
555,1538,1160629000,121,308,1487518697,231,230,True,
556,1539,1160629000,121,308,1487518720,231,230,True,
557,1540,1160629000,121,308,1487518779,231,230,True,
558,1541,1160629000,121,308,1487518989,231,230,True,
559,1542,1160629000,121,308,1487519129,231,230,True,
560,1543,1160629000,121,308,1487519285,231,230,True,
561,1544,1160629000,121,308,1487519300,231,230,True,
562,1545,1160629000,121,308,1487519343,231,230,True,
563,1546,1160629000,121,308,1487519382,231,230,True,
564,1547,1160629000,121,308,1487520465,231,230,True,
565,1548,1160629000,121,308,1487521055,231,230,True,
566,1549,1160629000,121,308,1487521351,231,230,True,
567,1550,1160629000,121,308,1487522666,231,230,True,
568,1551,1160629000,121,308,1487522817,231,230,True,
569,1552,1160629000,121,308,1487522879,231,230,True,
570,1553,1160629000,121,308,1487522894,231,230,True,
571,1554,1160629000,121,308,1487522975,231,230,True,
572,1555,1160629000,121,308,1487523110,231,230,True,
573,1556,1160629000,121,308,1487523121,231,230,True,
574,1557,1160629000,121,308,1487523123,231,230,True,
575,1558,1160629000,121,308,1487523399,231,230,True,
576,1559,1160629000,121,308,1487523690,231,230,True,
577,1560,1160629000,121,308,1487524088,231,230,True,
578,1561,1160629000,121,308,1487524274,231,230,True,
579,1562,1160629000,121,308,1487524333,231,230,True,
580,1563,1160629000,121,308,1487524347,231,230,True,
581,1564,1160629000,121,308,1487524360,231,230,True,
582,1565,1160629000,121,308,1487524364,231,230,True,
583,1566,1160629000,121,308,1487524382,231,230,True,
584,1567,1160629000,121,308,1487524563,231,230,True,
585,1568,1160629000,121,308,1487524886,231,230,True,
586,1569,1160629000,121,308,1487524942,231,230,True,
587,1570,1160629000,121,308,1487524945,231,230,True,
588,1571,1160629000,121,308,1487524977,231,230,True,
589,1572,1160629000,121,308,1487525423,231,230,True,
590,1573,1160629000,121,308,1487525779,231,230,True,
591,1574,1160629000,121,308,1487525790,231,230,True,
592,1575,1160629000,121,308,1487525794,231,230,True,
593,1576,1160629000,121,308,1487525842,231,230,True,
594,1577,1160629000,121,308,1487525843,231,230,True,
595,1578,1160629000,121,308,1487526048,231,230,True,
596,1579,1160629000,121,308,1487526062,231,230,True,
597,1580,1160629000,121,308,1487526077,231,230,True,
598,1581,1160629000,121,308,1487526095,231,230,True,
599,1582,1160629000,121,308,1487526258,231,230,True,
600,1583,1160629000,121,308,1487526260,231,230,True,
601,1584,1160629000,121,308,1487526681,231,230,True,
602,1585,1160629000,121,308,1487526697,231,230,True,
603,1586,1160629000,121,308,1487526711,231,230,True,
604,1587,1160629000,121,308,1487526726,231,230,True,
605,1588,1160629000,121,308,1487527432,231,230,True,
606,1589,1160629000,121,308,1487528282,231,230,True,
607,1590,1160629000,121,308,1487528311,231,230,True,
608,1591,1160629000,121,308,1487528315,231,230,True,
609,1592,1160629000,121,308,1487529164,231,230,True,
610,1593,1160629000,121,308,1487529237,231,230,True,
611,1594,1160629000,121,308,1487529238,231,230,True,
612,1595,1160629000,121,308,1487529307,231,230,True,
613,1596,1160629000,121,308,1487529469,231,230,True,
614,1597,1160629000,121,308,1487529693,231,230,True,
615,1598,1160629000,121,308,1487529752,231,230,True,
616,1599,1160629000,121,308,1487529754,231,230,True,
617,1600,1160629000,121,308,1487529756,231,230,True,
618,1601,1160629000,121,308,1487529758,231,230,True,
619,1602,1160629000,121,308,1487529767,231,230,True,
620,1603,1160629000,121,308,1487529774,231,230,True,
621,1604,1160629000,121,308,1487529777,231,230,True,
622,1605,1160629000,121,308,1487529785,231,230,True,
623,1606,1160629000,121,308,1487529799,231,230,True,
624,1607,1160629000,121,308,1487529803,231,230,True,
625,1608,1160629000,121,308,1487529807,231,230,True,
626,1609,1160629000,121,308,1487529967,231,230,True,
627,1610,1160629000,121,308,1487530249,231,230,True,
628,1611,1160629000,121,308,1487530383,231,230,True,
629,1612,1160629000,121,308,1487530385,231,230,True,
630,1613,1160629000,121,308,1487530528,231,230,True,
631,1614,1160629000,121,308,1487530898,231,230,True,
632,1615,1160629000,121,308,1487531021,231,230,True,
633,1616,1160629000,121,308,1487531042,231,230,True,
634,1617,1160629000,121,308,1487532028,231,230,True,
635,1618,1160629000,121,308,1487532035,231,230,True,
636,1619,1160629000,121,308,1487532036,231,230,True,
637,1620,1160629000,121,308,1487532081,231,230,True,
638,1621,1160629000,121,308,1487532475,231,230,True,
639,1622,1160629000,121,308,1487532477,231,230,True,
640,1623,1160629000,121,308,1487532486,231,230,True,
641,1624,1160629000,121,308,1487532857,231,230,True,
642,1625,1160629000,121,308,1487532870,231,230,True,
643,1626,1160629000,121,308,1487532871,231,230,True,
644,1627,1160629000,121,308,1487532907,231,230,True,
645,1628,1160629000,121,308,1487533116,231,230,True,
646,1629,1160629000,121,308,1487533127,231,230,True,
647,1630,1160629000,121,308,1487533133,231,230,True,
648,1631,1160629000,121,308,1487533162,231,230,True,
649,1632,1160629000,121,308,1487533653,231,230,True,
650,1633,1160629000,121,308,1487533854,231,230,True,
651,1634,1160629000,121,308,1487533870,231,230,True,
652,1635,1160629000,121,308,1487533875,231,230,True,
653,1636,1160629000,121,308,1487533909,231,230,True,
654,1637,1160629000,121,308,1487533916,231,230,True,
655,1638,1160629000,121,308,1487533943,231,230,True,
656,1639,1160629000,121,308,1487533945,231,230,True,
657,1640,1160629000,121,308,1487533953,231,230,True,
658,1641,1160629000,121,308,1487533956,231,230,True,
659,1642,1160629000,121,308,1487533969,231,230,True,
660,1643,1160629000,121,308,1487534131,231,230,True,
661,1644,1160629000,121,308,1487535300,231,230,True,
662,1645,1160629000,121,308,1487535316,231,230,True,
663,1646,1160629000,121,308,1487535327,231,230,True,
664,1647,1160629000,121,308,1487535332,231,230,True,
665,1648,1160629000,121,308,1487535344,231,230,True,
666,1649,1160629000,121,308,1487535347,231,230,True,
667,1650,1160629000,121,308,1487535497,231,230,True,
668,1651,1160629000,121,308,1487535590,231,230,True,
669,1652,1160629000,121,308,1487535595,231,230,True,
670,1653,1160629000,121,308,1487535596,231,230,True,
671,1654,1160629000,121,308,1487535598,231,230,True,
672,1655,1160629000,121,308,1487535604,231,230,True,
673,1656,1160629000,121,308,1487535616,231,230,True,
674,1657,1160629000,121,308,1487535628,231,230,True,
675,1658,1160629000,121,308,1487536324,231,230,True,
676,1659,1160629000,121,308,1487536956,231,230,True,
677,1660,1160629000,121,308,1487536995,231,230,True,
678,1661,1160629000,121,308,1487537000,231,230,True,
679,1662,1160629000,121,308,1487537198,231,230,True,
680,1663,1160629000,121,308,1487537482,231,230,True,
681,1664,1160629000,121,308,1487537729,231,230,True,
682,1665,1160629000,121,308,1487537819,231,230,True,
683,1666,1160629000,121,308,1487537847,231,230,True,
684,1667,1160629000,121,308,1487537851,231,230,True,
685,1668,1160629000,121,308,1487537855,231,230,True,
686,1669,1160629000,121,308,1487537968,231,230,True,
687,1670,1160629000,121,308,1487537991,231,230,True,
688,1671,1160629000,121,308,1487538237,231,230,True,
689,1672,1160629000,121,308,1487539126,231,230,True,
690,1673,1160629000,121,308,1487539129,231,230,True,
691,1674,1160629000,121,308,1487539134,231,230,True,
692,1675,1160629000,121,308,1487539150,231,230,True,
693,1676,1160629000,121,308,1487539161,231,230,True,
694,1677,1160629000,121,308,1487540509,231,230,True,
695,1678,1160629000,121,308,1487540578,231,230,True,
696,1679,1160629000,121,308,1487540699,231,230,True,
697,1680,1160629000,121,308,1487540974,231,230,True,
698,1681,1160629000,121,308,1487542868,231,230,True,
699,1682,1160629000,121,308,1487543655,231,230,True,
700,1683,1160629000,121,308,1487543707,231,230,True,
701,1684,1160629000,121,308,1487543728,231,230,True,
702,1685,1160629000,121,308,1487543741,231,230,True,
703,1686,1160629000,121,308,1487543759,231,230,True,
704,1687,1160629000,121,308,1487544190,231,230,True,
705,1688,1160629000,121,308,1487544814,231,230,True,
706,1689,1160629000,121,308,1487544817,231,230,True,
707,1690,1160629000,121,308,1487544863,231,230,True,
708,1691,1160629000,121,308,1487544877,231,230,True,
709,1692,1160629000,121,308,1487544894,231,230,True,
710,1693,1160629000,121,308,1487545877,231,230,True,
711,1694,1160629000,121,308,1487545923,231,230,True,
712,1695,1160629000,121,308,1487545927,231,230,True,
713,1696,1160629000,121,308,1487545952,231,230,True,
714,1697,1160629000,121,308,1487546068,231,230,True,
715,1698,1160629000,121,308,1487546081,231,230,True,
716,1699,1160629000,121,308,1487547398,231,230,True,
717,1700,1160629000,121,308,1487547668,231,230,True,
718,1701,1160629000,121,308,1487547933,231,230,True,
719,1702,1160629000,121,308,1487548601,231,230,True,
720,1703,1160629000,121,308,1487549000,231,230,True,
721,1704,1160629000,121,308,1487549005,231,230,True,
722,1705,1160629000,121,308,1487549081,231,230,True,
723,1706,1160629000,121,308,1487549343,231,230,True,
724,1707,1160629000,121,308,1487549393,231,230,True,
725,1708,1160629000,121,308,1487549590,231,230,True,
726,1709,1160629000,121,308,1487549592,231,230,True,
727,1710,1160629000,121,308,1487549602,231,230,True,
728,1711,1160629000,121,308,1487549684,231,230,True,
729,1712,1160629000,121,308,1487549900,231,230,True,
730,1713,1160629000,121,308,1487549925,231,230,True,
731,1714,1160629000,121,308,1487549931,231,230,True,
732,1715,1160629000,121,308,1487549932,231,230,True,
733,1716,1160629000,121,308,1487549949,231,230,True,
734,1717,1160629000,121,308,1487549951,231,230,True,
735,1718,1160629000,121,308,1487550068,231,230,True,
736,1719,1160629000,121,308,1487550089,231,230,True,
737,1720,1160629000,121,308,1487550132,231,230,True,
738,1721,1160629000,121,308,1487550176,231,230,True,
739,1722,1160629000,121,308,1487550196,231,230,True,
740,1723,1160629000,121,308,1487550336,231,230,True,
741,1724,1160629000,121,308,1487550344,231,230,True,
742,1725,1160629000,121,308,1487550346,231,230,True,
743,1726,1160629000,121,308,1487550351,231,230,True,
744,1727,1160629000,121,308,1487550353,231,230,True,
745,1728,1160629000,121,308,1487550368,231,230,True,
746,1729,1160629000,121,308,1487550392,231,230,True,
747,1730,1160629000,121,308,1487550417,231,230,True,
748,1731,1160629000,121,308,1487550432,231,230,True,
749,1732,1160629000,121,308,1487550870,231,230,True,
750,1733,1160629000,121,308,1487550994,231,230,True,
751,1734,1160629000,121,308,1487550997,231,230,True,
752,1735,1160629000,121,308,1487551001,231,230,True,
753,1736,1160629000,121,308,1487551410,231,230,True,
754,1737,1160629000,121,308,1487551415,231,230,True,
755,1738,1160629000,121,308,1487551425,231,230,True,
756,1739,1160629000,121,308,1487551947,231,230,True,
757,1740,1160629000,121,308,1487552832,231,230,True,
758,1741,1160629000,121,308,1487552843,231,230,True,
759,1742,1160629000,121,308,1487552846,231,230,True,
760,1743,1160629000,121,308,1487552852,231,230,True,
761,1744,1160629000,121,308,1487552863,231,230,True,
762,1745,1160629000,121,308,1487552866,231,230,True,
763,1746,1160629000,121,308,1487552870,231,230,True,
764,1747,1160629000,121,308,1487552889,231,230,True,
765,1748,1160629000,121,308,1487553044,231,230,True,
766,1749,1160629000,121,308,1487553090,231,230,True,
767,1750,1160629000,121,308,1487553135,231,230,True,
768,1751,1160629000,121,308,1487553185,231,230,True,
769,1752,1160629000,121,308,1487553575,231,230,True,
770,1753,1160629000,121,308,1487553783,231,230,True,
771,1754,1160629000,121,308,1487553807,231,230,True,
772,1755,1160629000,121,308,1487553828,231,230,True,
773,1756,1160629000,121,308,1487553845,231,230,True,
774,1757,1160629000,121,308,1487553940,231,230,True,
775,1758,1160629000,121,308,1487553959,231,230,True,
776,1759,1160629000,121,308,1487553962,231,230,True,
777,1760,1160629000,121,308,1487553970,231,230,True,
778,1761,1160629000,121,308,1487554018,231,230,True,
779,1762,1160629000,121,308,1487554397,231,230,True,
780,1763,1160629000,121,308,1487554601,231,230,True,
781,1764,1160629000,121,308,1487554615,231,230,True,
782,1765,1160629000,121,308,1487554656,231,230,True,
783,1766,1160629000,121,308,1487554671,231,230,True,
784,1767,1160629000,121,308,1487554701,231,230,True,
785,1768,1160629000,121,308,1487554708,231,230,True,
786,1769,1160629000,121,308,1487554815,231,230,True,
787,1770,1160629000,121,308,1487554945,231,230,True,
788,1771,1160629000,121,308,1487554986,231,230,True,
789,1772,1160629000,121,308,1487554994,231,230,True,
790,1773,1160629000,121,308,1487555161,231,230,True,
791,1774,1160629000,121,308,1487555481,231,230,True,
792,1775,1160629000,121,308,1487555757,231,230,True,
793,1776,1160629000,121,308,1487555790,231,230,True,
794,1777,1160629000,121,308,1487555830,231,230,True,
795,1778,1160629000,121,308,1487555849,231,230,True,
796,1779,1160629000,121,308,1487556049,231,230,True,
797,1780,1160629000,121,308,1487556070,231,230,True,
798,1781,1160629000,121,308,1487556089,231,230,True,
